REF,COLOUR,CORE,SHEET SIZE,QTY,NOTES,CONDITION,SUPPLIER,FIRST UPLOADED,LOCATION,UPLOADER ID,PRICE,BULK PRICE
ABE,BLUE,PE,1575 x 2530,1,offcut,good,ALPOLIC,2024_03_02,ALBERTA,0,0,0
ABE,BLUE,PE,1220 x 2440,1,offcut,good,ALPOLIC,2024_03_02,ALBERTA,0,0,0
AHS,TEAL (CUSTOM),FR,4975 x 1575,6,,good,ALPOLIC,2024_03_02,ALBERTA,0,0,0
AMOX,BLUE,FR,2190 x 1105,1,530 x 460 square cut out offcut,good,ALPOLIC,2024_03_02,ALBERTA,0,0,0
AMOX,BLUE,FR,2190 x 1575,2,1 x 2190 used for fruitvale re-make,good,ALPOLIC,2024_03_02,ALBERTA,0,0,0
BLX,BLACK,?,4040 x 1575,1,offcut,good,ALPOLIC,2024_03_02,ALBERTA,0,0,0
BNT,BONE WHITE,FR,2175 x 1575,1,offcut,good,ALPOLIC,2024_03_02,ALBERTA,0,0,0
BNT,BONE WHITE,FR,4975 x 1575,20,full sheets,good,ALPOLIC,2024_03_02,ALBERTA,0,0,0
BTR,RED,FR,3060 x 1575,1,offcut,good,ALPOLIC,2024_03_02,ALBERTA,0,0,0
CNC,CHARCOAL,FR,2490 x 1575,1,offcut,good,ALPOLIC,2024_03_02,ALBERTA,0,0,0
CNC,CHARCOAL,FR,4975 x 1575,8,,good,ALPOLIC,2024_03_02,ALBERTA,0,0,0
CPW,WHITE,FR,2485 x 1575,1,offcut,good,ALPOLIC,2024_03_02,ALBERTA,0,0,0
CPW,WHITE,FR,4975 x 1520,6,full sheets,good,ALPOLIC,2024_03_02,ALBERTA,0,0,0
DQO,ORANGE PEARLESCENT,PE,3440 x 1575,1,3mm; offcut,good,ALPOLIC,2024_03_02,ALBERTA,0,0,0
JBR,BRONZE,PE,4975 x 1575,1,,good,ALPOLIC,2024_03_02,ALBERTA,0,0,0
JLR,RED,PE,4975 x 1575,4,,good,ALPOLIC,2024_03_02,ALBERTA,0,0,0
JXR,RED,FR,2470 x 1575,1,offcut,good,ALPOLIC,2024_03_02,ALBERTA,0,0,0
MFS,MICA GREY,PE,4975 x 1575,6,,good,ALPOLIC,2024_03_02,ALBERTA,0,0,0
MNC,MICA ANODIC CLEAR,FR,4975 x 1575,2,,good,ALPOLIC,2024_03_02,ALBERTA,0,0,0
MNC,MICA ANODIC CLEAR,FR,2320 x 1575,2,offcut,good,ALPOLIC,2024_03_02,ALBERTA,0,0,0
MNC,MICA ANODIC CLEAR,FR,2370 x 1575,2,offcut,good,ALPOLIC,2024_03_02,ALBERTA,0,0,0
MNC,MICA ANODIC CLEAR,FR,4975 x 1575,7,,good,ALPOLIC,2024_03_02,ALBERTA,0,0,0
MRO,ANTHRACITE GREY,FR,1855 x 1270,1,offcut,good,ALPOLIC,2024_03_02,ALBERTA,0,0,0
MRO,ANTHRACITE GREY,FR,1805 x 1270,1,offcut,good,ALPOLIC,2024_03_02,ALBERTA,0,0,0
MRO,ANTHRACITE GREY,FR,1650 x 1270,1,offcut,good,ALPOLIC,2024_03_02,ALBERTA,0,0,0
MRO,ANTHRACITE GREY,FR,1665 x 1270,1,offcut,good,ALPOLIC,2024_03_02,ALBERTA,0,0,0
MRO,ANTHRACITE GREY,FR,1736 x 1270,1,offcut,good,ALPOLIC,2024_03_02,ALBERTA,0,0,0
MRO,ANTHRACITE GREY,FR,1895 x 1270,1,offcut,good,ALPOLIC,2024_03_02,ALBERTA,0,0,0
MRO,ANTHRACITE GREY,FR,1737 x 1270,2,offcut,good,ALPOLIC,2024_03_02,ALBERTA,0,0,0
MRO,ANTHRACITE GREY,FR,1400 x 1270,2,offcut,good,ALPOLIC,2024_03_02,ALBERTA,0,0,0
MRO,ANTHRACITE GREY,FR,3860 x 1270,5,full sheets,good,ALPOLIC,2024_03_02,ALBERTA,0,0,0
MRO,ANTHRACITE GREY,PE,3860 x 1270,6,not tagged - see Coedy,good,ALPOLIC,2024_03_02,ALBERTA,0,0,0
MRO,ANTHRACITE GREY,PE,3860 x 1270,16,not tagged - see Coedy,good,ALPOLIC,2024_03_02,ALBERTA,0,0,0
MST,MIST WHITE,PE,2175 x 1575,1,PE offcuts,good,ALPOLIC,2024_03_02,ALBERTA,0,0,0
MST,MIST WHITE,PE,1780 x 1575,1,PE offcuts,good,ALPOLIC,2024_03_02,ALBERTA,0,0,0
MST,MIST WHITE,FR,2170 x 1576,?/3,FR offcuts,good,ALPOLIC,2024_03_02,ALBERTA,0,0,0
MST,MIST WHITE,FR,2220 x 1575,?/3,FR offcuts,good,ALPOLIC,2024_03_02,ALBERTA,0,0,0
OPT,MICA PLATINUM,PE,2820 x 1575,1,offcut,good,ALPOLIC,2024_03_02,ALBERTA,0,0,0
OPT,MICA PLATINUM,PE,4975 x 1575,2,,good,ALPOLIC,2024_03_02,ALBERTA,0,0,0
QBB,TEAK,FR,4975 x 1575,5,,good,ALPOLIC,2024_03_02,ALBERTA,0,0,0
RON,RED,PE,2130 x 1575,1,offcut,good,ALPOLIC,2024_03_02,ALBERTA,0,0,0
RTB,BLUE,PE,1650 x 1070,1,offcut,good,ALPOLIC,2024_03_02,ALBERTA,0,0,0
TOR,RED,PE,1700 x 1575,1,offcut,good,ALPOLIC,2024_03_02,ALBERTA,0,0,0
TOR,RED,PE,1650 x 1575,1,offcut,good,ALPOLIC,2024_03_02,ALBERTA,0,0,0
TOR,RED,PE,3850 x 1575,1,offcut,good,ALPOLIC,2024_03_02,ALBERTA,0,0,0
TRC,RED,PE,3675 x 1575 ,1,offcut,good,ALPOLIC,2024_03_02,ALBERTA,0,0,0
TRC,RED,PE,4975 x 1575,3,,good,ALPOLIC,2024_03_02,ALBERTA,0,0,0
HNB,BLUE,PE,4975 x 1575,2,,minor scratches,ALPOLIC,2024_03_02,ALBERTA,0,0,0
RTB,BLUE,PE,4975 x 1575,2,,minor scratches,ALPOLIC,2024_03_02,ALBERTA,0,0,0
CNC,CHARCOAL,PE,4975 x 1575,6,,questionable dents,ALPOLIC,2024_03_02,ALBERTA,0,0,0
CNC,CHARCOAL,FR,4975 x 1575,3,,scratched,ALPOLIC,2024_03_02,ALBERTA,0,0,0
TOR,RED,PE,1160 x 1575,1,offcut,scratched,ALPOLIC,2024_03_02,ALBERTA,0,0,0
CNC,CHARCOAL,FR,4975 x 1575,3,,so so,ALPOLIC,2024_03_02,ALBERTA,0,0,0
AGT,ALUMINUM GREY,,,0,,,ALPOLIC,2024_03_02,ALBERTA,0,0,0
AUB,BLUE,,,0,,,ALPOLIC,2024_03_02,ALBERTA,0,0,0
AYW,YELLOW,,,0,,,ALPOLIC,2024_03_02,ALBERTA,0,0,0
BBR,RED,,,0,,,ALPOLIC,2024_03_02,ALBERTA,0,0,0
BGN,GREEN,,,0,,,ALPOLIC,2024_03_02,ALBERTA,0,0,0
BGY,GREY,,,0,,,ALPOLIC,2024_03_02,ALBERTA,0,0,0
BPS,PEARL,,,0,,,ALPOLIC,2024_03_02,ALBERTA,0,0,0
BSM,SLATE BLACK,,,0,,,ALPOLIC,2024_03_02,ALBERTA,0,0,0
BSX,METALLIC SILVER,,,0,,,ALPOLIC,2024_03_02,ALBERTA,0,0,0
BTR,RED,,,0,,,ALPOLIC,2024_03_02,ALBERTA,0,0,0
BYL,YELLOW,,,0,,,ALPOLIC,2024_03_02,ALBERTA,0,0,0
CFB,BLUE,,,0,,,ALPOLIC,2024_03_02,ALBERTA,0,0,0
CLZ,ALUMINUM,,,0,,,ALPOLIC,2024_03_02,ALBERTA,0,0,0
CMX,METALLIC CHAMPAGNE,,,0,,,ALPOLIC,2024_03_02,ALBERTA,0,0,0
COW,WHITE,,,0,,,ALPOLIC,2024_03_02,ALBERTA,0,0,0
CRT,OYSTER,,,0,,,ALPOLIC,2024_03_02,ALBERTA,0,0,0
CRY,OYSTER,,,0,,,ALPOLIC,2024_03_02,ALBERTA,0,0,0
CVB,BLUE,,,0,,,ALPOLIC,2024_03_02,ALBERTA,0,0,0
CVG,GREY,,,0,,,ALPOLIC,2024_03_02,ALBERTA,0,0,0
DCX,METALLIC COPPER,,,0,,,ALPOLIC,2024_03_02,ALBERTA,0,0,0
DQS,MAROON GOLD SHIMMER,,,0,,,ALPOLIC,2024_03_02,ALBERTA,0,0,0
DYB,BLUE,,,0,,,ALPOLIC,2024_03_02,ALBERTA,0,0,0
ETT,TAN,,,0,,,ALPOLIC,2024_03_02,ALBERTA,0,0,0
EWH,WHITE,,,0,,,ALPOLIC,2024_03_02,ALBERTA,0,0,0
EYL,YELLOW,,,0,,,ALPOLIC,2024_03_02,ALBERTA,0,0,0
FEF,RED,,,0,,,ALPOLIC,2024_03_02,ALBERTA,0,0,0
GRV,GREEN,,,0,,,ALPOLIC,2024_03_02,ALBERTA,0,0,0
HPA,HIGH POLISHED ALUMINUM,,,0,,,ALPOLIC,2024_03_02,ALBERTA,0,0,0
HWH,WHITE,,,0,,,ALPOLIC,2024_03_02,ALBERTA,0,0,0
HYB,BLUE,,,0,,,ALPOLIC,2024_03_02,ALBERTA,0,0,0
JXR,RED,,,0,,,ALPOLIC,2024_03_02,ALBERTA,0,0,0
MBU,BLUE,,,0,,,ALPOLIC,2024_03_02,ALBERTA,0,0,0
MBX,METALLIC BRONZE,,,0,,,ALPOLIC,2024_03_02,ALBERTA,0,0,0
MCU,MICA CHAMPAGNE,,,0,,,ALPOLIC,2024_03_02,ALBERTA,0,0,0
MCV,WHITE,,,0,,,ALPOLIC,2024_03_02,ALBERTA,0,0,0
MNC,MICA ANODIC CLEAR,,,0,,,ALPOLIC,2024_03_02,ALBERTA,0,0,0
MPL,MAPLE,,,0,,,ALPOLIC,2024_03_02,ALBERTA,0,0,0
MRT,MAGMA PRISMATIC,,,0,,,ALPOLIC,2024_03_02,ALBERTA,0,0,0
MZG,MICA GREY,,,0,,,ALPOLIC,2024_03_02,ALBERTA,0,0,0
OPT,MICA PLATINUM,,,0,,,ALPOLIC,2024_03_02,ALBERTA,0,0,0
PEX,PEWTER METALLIC,,,0,,,ALPOLIC,2024_03_02,ALBERTA,0,0,0
QAE,MAHOGANY,,,0,,,ALPOLIC,2024_03_02,ALBERTA,0,0,0
QAW,RIO ALEON,,,0,,,ALPOLIC,2024_03_02,ALBERTA,0,0,0
QBT,ZEBRAWOOD,,,0,,,ALPOLIC,2024_03_02,ALBERTA,0,0,0
QBV,ORIENTAL CANE,,,0,,,ALPOLIC,2024_03_02,ALBERTA,0,0,0
QCO,RUSTED STEEL,,,0,,,ALPOLIC,2024_03_02,ALBERTA,0,0,0
QCP,HT BAMBOO,,,0,,,ALPOLIC,2024_03_02,ALBERTA,0,0,0
RON,RED,,,0,,,ALPOLIC,2024_03_02,ALBERTA,0,0,0
RRM,RIVER ROCK GREY,,,0,,,ALPOLIC,2024_03_02,ALBERTA,0,0,0
RVW,WHITE,,,0,,,ALPOLIC,2024_03_02,ALBERTA,0,0,0
SAW,WHITE,,,0,,,ALPOLIC,2024_03_02,ALBERTA,0,0,0
SBR,BRONZE,,,0,,,ALPOLIC,2024_03_02,ALBERTA,0,0,0
SHB,BLUE,,,0,,,ALPOLIC,2024_03_02,ALBERTA,0,0,0
SMX,METALLIC SILVER,,,0,,,ALPOLIC,2024_03_02,ALBERTA,0,0,0
SOG,GREY,,,0,,,ALPOLIC,2024_03_02,ALBERTA,0,0,0
STR,RED,,,0,,,ALPOLIC,2024_03_02,ALBERTA,0,0,0
TBL,BLACK,,,0,,,ALPOLIC,2024_03_02,ALBERTA,0,0,0
TBX,SILVER METALLIC,,,0,,,ALPOLIC,2024_03_02,ALBERTA,0,0,0
TDR,GREEN,,,0,,,ALPOLIC,2024_03_02,ALBERTA,0,0,0
TOB,BLACK,,,0,,,ALPOLIC,2024_03_02,ALBERTA,0,0,0
TRD,RED,,,0,,,ALPOLIC,2024_03_02,ALBERTA,0,0,0
TRM,TERRA COTTA,,,0,,,ALPOLIC,2024_03_02,ALBERTA,0,0,0
TSZ,SILVER METALLIC,,,0,,,ALPOLIC,2024_03_02,ALBERTA,0,0,0
TXG,GREY,,,0,,,ALPOLIC,2024_03_02,ALBERTA,0,0,0
WLN,WALNUT,,,0,,,ALPOLIC,2024_03_02,ALBERTA,0,0,0
YLW,YELLOW,,,0,,,ALPOLIC,2024_03_02,ALBERTA,0,0,0
,BLUE/WHITE,,,0,,,ALPOLIC,2024_03_02,ALBERTA,0,0,0
,CLEAR,,,0,,,ALPOLIC,2024_03_02,ALBERTA,0,0,0
,COPPER,,,0,,,ALPOLIC,2024_03_02,ALBERTA,0,0,0
,QUARTZ ZINC,,,0,,,ALPOLIC,2024_03_02,ALBERTA,0,0,0
,RED/WHITE,,,0,,,ALPOLIC,2024_03_02,ALBERTA,0,0,0
,STAINLESS,,,0,,,ALPOLIC,2024_03_02,ALBERTA,0,0,0
,YELLOW/WHITE,,,0,,,ALPOLIC,2024_03_02,ALBERTA,0,0,0
,SUNRISE SILVER METALLIC II (2),FR,4975 x 1575,1,full sheets,damaged edges,ALUCOBOND,2024_03_02,ALBERTA,0,0,0
CUSTOM,HONDA RED,FR,1850 x 1575,6,offcuts,good,ALUCOBOND,2024_03_02,ALBERTA,0,0,0
CUSTOM,HONDA RED,FR,4975 x 1575,2,full sheets,good,ALUCOBOND,2024_03_02,ALBERTA,0,0,0
,SUNRISE SILVER METALLIC II (2),FR,5975 x 1575,1,full sheets,good,ALUCOBOND,2024_03_02,ALBERTA,0,0,0
,SUNRISE SILVER METALLIC II (2),FR,2460 x 1575,1,offcuts,good,ALUCOBOND,2024_03_02,ALBERTA,0,0,0
,SUNRISE SILVER METALLIC II (2),FR,2620 x 1575,1,offcuts,good,ALUCOBOND,2024_03_02,ALBERTA,0,0,0
,IMAGE BLUE,FR,4975 x 1575,3,full sheets,good,ALUCOBOND,2024_03_02,ALBERTA,0,0,0
,IMAGE BLUE,FR,2350 x 1575,1,offcuts,good,ALUCOBOND,2024_03_02,ALBERTA,0,0,0
,AMAZON PRIME BLUE,FR,4975 x 1575,5,full sheets,good,ALUCOBOND,2024_03_02,ALBERTA,0,0,0
,TUSCAN SUN,FR,4975 x 1575,3,full sheets - see Coedy for location,good,ALUCOBOND,2024_03_02,ALBERTA,0,0,0
,TUSCAN SUN,FR,62 x 196,3,curly sheets,good,ALUCOBOND,2024_03_02,ALBERTA,0,0,0
,TUSCAN SUN,FR,1180 x 1575,2,offcuts,good,ALUCOBOND,2024_03_02,ALBERTA,0,0,0
,TUSCAN SUN,FR,4975 x 1575,6,full sheets,good,ALUCOBOND,2024_03_02,ALBERTA,0,0,0
,TUSCAN SUN,FR,1175 x 1575,2,offcuts,good,ALUCOBOND,2024_03_02,ALBERTA,0,0,0
,SAKURA,FR,4975 x 1575,9,full sheets,good,ALUCOBOND,2024_03_02,ALBERTA,0,0,0
,SAKURA,FR,3120 x 1575,1,offcuts,good,ALUCOBOND,2024_03_02,ALBERTA,0,0,0
,SAKURA,FR,2100 x 1575,1,offcuts,good,ALUCOBOND,2024_03_02,ALBERTA,0,0,0
,SAKURA,FR,3860 x 1575,1,offcuts,scratched,ALUCOBOND,2024_03_02,ALBERTA,0,0,0
HWH,BIO WHITE,,,0,,,ALUCOBOND,2024_03_02,ALBERTA,0,0,0
JLR,GRAY METALLIC,,,0,,,ALUCOBOND,2024_03_02,ALBERTA,0,0,0
MZG,GRAY MICA II (2),,,0,,,ALUCOBOND,2024_03_02,ALBERTA,0,0,0
RVW,PURE WHITE,,,0,,,ALUCOBOND,2024_03_02,ALBERTA,0,0,0
TBL,BLACK (BUICK),,,0,,,ALUCOBOND,2024_03_02,ALBERTA,0,0,0
,STATUARY BRONZE,,,0,,,ALUCOBOND,2024_03_02,ALBERTA,0,0,0
,NEW-AGE DARK BRONZE MICA,,,0,,,ALUCOBOND,2024_03_02,ALBERTA,0,0,0
,DRIFTWOOD MICA,,,0,,,ALUCOBOND,2024_03_02,ALBERTA,0,0,0
,ATACAMA BRONZE METALLIC,,,0,,,ALUCOBOND,2024_03_02,ALBERTA,0,0,0
,HAZELNUT MICA,,,0,,,ALUCOBOND,2024_03_02,ALBERTA,0,0,0
,RUSSET MICA,,,0,,,ALUCOBOND,2024_03_02,ALBERTA,0,0,0
,BEIGE,,,0,,,ALUCOBOND,2024_03_02,ALBERTA,0,0,0
,CASTLE GREY,,,0,,,ALUCOBOND,2024_03_02,ALBERTA,0,0,0
,JLR CHAMPAGNE METALLIC,,,0,,,ALUCOBOND,2024_03_02,ALBERTA,0,0,0
,ANODIC SATIN MICA,,,0,,,ALUCOBOND,2024_03_02,ALBERTA,0,0,0
,EPERNAY CHAMPAGNE METALLIC,,,0,,,ALUCOBOND,2024_03_02,ALBERTA,0,0,0
,HARVEST GOLD MICA,,,0,,,ALUCOBOND,2024_03_02,ALBERTA,0,0,0
,OYSTER,,,0,,,ALUCOBOND,2024_03_02,ALBERTA,0,0,0
,ALABASTER,,,0,,,ALUCOBOND,2024_03_02,ALBERTA,0,0,0
,BONE WHITE,,,0,,,ALUCOBOND,2024_03_02,ALBERTA,0,0,0
,CADILLAC WHITE III (3),,,0,,,ALUCOBOND,2024_03_02,ALBERTA,0,0,0
,MAGNOLIA,,,0,,,ALUCOBOND,2024_03_02,ALBERTA,0,0,0
,MARKET PEARL WHITE,,,0,,,ALUCOBOND,2024_03_02,ALBERTA,0,0,0
,BUNNY GREY II (2),,,0,,,ALUCOBOND,2024_03_02,ALBERTA,0,0,0
,SILVER METALLIC,,,0,,,ALUCOBOND,2024_03_02,ALBERTA,0,0,0
,BRILLIANT SILVER METALLIC,,,0,,,ALUCOBOND,2024_03_02,ALBERTA,0,0,0
,SUNRISE SILVER METALLIC II (2),,,0,,,ALUCOBOND,2024_03_02,ALBERTA,0,0,0
,CHAMPAGNE METALLIC,,,0,,,ALUCOBOND,2024_03_02,ALBERTA,0,0,0
,PLATINUM MICA,,,0,,,ALUCOBOND,2024_03_02,ALBERTA,0,0,0
,ANODIC CLEAR MICA,,,0,,,ALUCOBOND,2024_03_02,ALBERTA,0,0,0
,CADET GRAY,,,0,,,ALUCOBOND,2024_03_02,ALBERTA,0,0,0
,WEST PEWTER MICA II (2),,,0,,,ALUCOBOND,2024_03_02,ALBERTA,0,0,0
,BEACHSTONE GRAY METALLIC,,,0,,,ALUCOBOND,2024_03_02,ALBERTA,0,0,0
,STEEL CITY SILVER MICA,,,0,,,ALUCOBOND,2024_03_02,ALBERTA,0,0,0
,GREYHOUND,,,0,,,ALUCOBOND,2024_03_02,ALBERTA,0,0,0
,ANTHRACITE SILVER METALLIC,,,0,,,ALUCOBOND,2024_03_02,ALBERTA,0,0,0
,NISSAN GRAY,,,0,,,ALUCOBOND,2024_03_02,ALBERTA,0,0,0
,DUSTY CHARCOAL II (2),,,0,,,ALUCOBOND,2024_03_02,ALBERTA,0,0,0
,GRAPHITE MICA,,,0,,,ALUCOBOND,2024_03_02,ALBERTA,0,0,0
,FOCUS BLACK II (2),,,0,,,ALUCOBOND,2024_03_02,ALBERTA,0,0,0
,TRI-CORN BLACK,,,0,,,ALUCOBOND,2024_03_02,ALBERTA,0,0,0
,BLACK METALLIC,,,0,,,ALUCOBOND,2024_03_02,ALBERTA,0,0,0
,SPIRE BLUE II (2),,,0,,,ALUCOBOND,2024_03_02,ALBERTA,0,0,0
,AZURE BLUE,,,0,,,ALUCOBOND,2024_03_02,ALBERTA,0,0,0
,ULTRAMARINE BLUE,,,0,,,ALUCOBOND,2024_03_02,ALBERTA,0,0,0
,BOWTIE BLUE II (2),,,0,,,ALUCOBOND,2024_03_02,ALBERTA,0,0,0
,IMAGE BLUE,,,0,,,ALUCOBOND,2024_03_02,ALBERTA,0,0,0
,JUST PURPLE,,,0,,,ALUCOBOND,2024_03_02,ALBERTA,0,0,0
,CARB RED,,,0,,,ALUCOBOND,2024_03_02,ALBERTA,0,0,0
,NEON RED,,,0,,,ALUCOBOND,2024_03_02,ALBERTA,0,0,0
,PATRIOT RED,,,0,,,ALUCOBOND,2024_03_02,ALBERTA,0,0,0
,RED FIRE,,,0,,,ALUCOBOND,2024_03_02,ALBERTA,0,0,0
,BOTNICAL,,,0,,,ALUCOBOND,2024_03_02,ALBERTA,0,0,0
,KRISPY GREEN,,,0,,,ALUCOBOND,2024_03_02,ALBERTA,0,0,0
,OCEAN,,,0,,,ALUCOBOND,2024_03_02,ALBERTA,0,0,0
,GALAXY BLUE,,,0,,,ALUCOBOND,2024_03_02,ALBERTA,0,0,0
,WHITE GOLD,,,0,,,ALUCOBOND,2024_03_02,ALBERTA,0,0,0
,CUPRAL,,,0,,,ALUCOBOND,2024_03_02,ALBERTA,0,0,0
,CLEAR ANODIZED,,,0,,,ALUCOBOND,2024_03_02,ALBERTA,0,0,0
,LIGHT BRONZE ANODIZED,,,0,,,ALUCOBOND,2024_03_02,ALBERTA,0,0,0
,MEDIUM BRONZE ANODIZED,,,0,,,ALUCOBOND,2024_03_02,ALBERTA,0,0,0
,DARK BRONZE ANODIZED,,,0,,,ALUCOBOND,2024_03_02,ALBERTA,0,0,0
,BLACK ANODIZED,,,0,,,ALUCOBOND,2024_03_02,ALBERTA,0,0,0
,ARAGONITE METALLIC,,,0,,,ALUCOBOND,2024_03_02,ALBERTA,0,0,0
,MOONSTONE METALLIC,,,0,,,ALUCOBOND,2024_03_02,ALBERTA,0,0,0
,OLIVINE METALLIC,,,0,,,ALUCOBOND,2024_03_02,ALBERTA,0,0,0
,COLORADO GOLD METALLIC,,,0,,,ALUCOBOND,2024_03_02,ALBERTA,0,0,0
,NATIVE COPPER MICA,,,0,,,ALUCOBOND,2024_03_02,ALBERTA,0,0,0
,RUSTED METAL,,,0,,,ALUCOBOND,2024_03_02,ALBERTA,0,0,0
,ZINC,,,0,,,ALUCOBOND,2024_03_02,ALBERTA,0,0,0
,BASALT GRAY,,,0,,,ALUCOBOND,2024_03_02,ALBERTA,0,0,0
,CUBANTITE METALLIC,,,0,,,ALUCOBOND,2024_03_02,ALBERTA,0,0,0
,SERPENTINE METALLIC,,,0,,,ALUCOBOND,2024_03_02,ALBERTA,0,0,0
,ALMANDINE GARNET METALLIC,,,0,,,ALUCOBOND,2024_03_02,ALBERTA,0,0,0
,BRUSHED ANTIQUE COPPER,,,0,,,ALUCOBOND,2024_03_02,ALBERTA,0,0,0
,BRUSHED,,,0,,,ALUCOBOND,2024_03_02,ALBERTA,0,0,0
,BRUSHED STAINLESS,,,0,,,ALUCOBOND,2024_03_02,ALBERTA,0,0,0
,BRUSHED CARBON,,,0,,,ALUCOBOND,2024_03_02,ALBERTA,0,0,0
,REFLECT MIRROR,,,0,,,ALUCOBOND,2024_03_02,ALBERTA,0,0,0
,ARCTIC FROST,,,0,,,ALUCOBOND,2024_03_02,ALBERTA,0,0,0
,SIERRA SAND,,,0,,,ALUCOBOND,2024_03_02,ALBERTA,0,0,0
,BRONZE,,,0,,,ALUCOBOND,2024_03_02,ALBERTA,0,0,0
,TERRACOTTA,,,0,,,ALUCOBOND,2024_03_02,ALBERTA,0,0,0
,SLATE,,,0,,,ALUCOBOND,2024_03_02,ALBERTA,0,0,0
,LAVA NERA,,,0,,,ALUCOBOND,2024_03_02,ALBERTA,0,0,0
,RUSTIC WALNUT,,,0,,,ALUCOBOND,2024_03_02,ALBERTA,0,0,0
,CHESTNUT,,,0,,,ALUCOBOND,2024_03_02,ALBERTA,0,0,0
,NATURAL LONG BRUSHED ALUMINUM,FR,1270 x 2380,1,offcuts,good,REYNOBOND,2024_03_02,ALBERTA,0,0,0
,NATURAL LONG BRUSHED ALUMINUM,FR,1270 x 2400,1,offcuts,good,REYNOBOND,2024_03_02,ALBERTA,0,0,0
,NATURAL LONG BRUSHED ALUMINUM,FR,1270 x 4975,5,full sheets,good,REYNOBOND,2024_03_02,ALBERTA,0,0,0
DG,WHITE,,,0,,,REYNOBOND,2024_03_02,ALBERTA,0,0,0
,BRITE WHITE,,,0,,,REYNOBOND,2024_03_02,ALBERTA,0,0,0
,MATTE WHITE,,,0,,,REYNOBOND,2024_03_02,ALBERTA,0,0,0
,PROGRAM BLACK,,,0,,,REYNOBOND,2024_03_02,ALBERTA,0,0,0
,PROGRAM BLUE,,,0,,,REYNOBOND,2024_03_02,ALBERTA,0,0,0
,PROGRAM WHITE,,,0,,,REYNOBOND,2024_03_02,ALBERTA,0,0,0
,BRITE BLUE,,,0,,,REYNOBOND,2024_03_02,ALBERTA,0,0,0
,BRITE GREEN,,,0,,,REYNOBOND,2024_03_02,ALBERTA,0,0,0
,BRITE YELLOW,,,0,,,REYNOBOND,2024_03_02,ALBERTA,0,0,0
,BRITE YELLOW/WHITE STRIPE,,,0,,,REYNOBOND,2024_03_02,ALBERTA,0,0,0
,CLASSIC RED,,,0,,,REYNOBOND,2024_03_02,ALBERTA,0,0,0
,CLASSIC WHITE,,,0,,,REYNOBOND,2024_03_02,ALBERTA,0,0,0
,COBBLE BROWN,,,0,,,REYNOBOND,2024_03_02,ALBERTA,0,0,0
,EASTMAN RED,,,0,,,REYNOBOND,2024_03_02,ALBERTA,0,0,0
,MATTE BLUE,,,0,,,REYNOBOND,2024_03_02,ALBERTA,0,0,0
,OUTRAGEOUS GREEN,,,0,,,REYNOBOND,2024_03_02,ALBERTA,0,0,0
,PATRIOT BLUE,,,0,,,REYNOBOND,2024_03_02,ALBERTA,0,0,0
,PATRIOT RED,,,0,,,REYNOBOND,2024_03_02,ALBERTA,0,0,0
,PORTABELLA,,,0,,,REYNOBOND,2024_03_02,ALBERTA,0,0,0
,PROGRAM PEARL,,,0,,,REYNOBOND,2024_03_02,ALBERTA,0,0,0
,PROGRAM RED,,,0,,,REYNOBOND,2024_03_02,ALBERTA,0,0,0
,PROGRAM YELLOW,,,0,,,REYNOBOND,2024_03_02,ALBERTA,0,0,0
,REGIONS GREEN,,,0,,,REYNOBOND,2024_03_02,ALBERTA,0,0,0
,SAPPHIRE BLUE,,,0,,,REYNOBOND,2024_03_02,ALBERTA,0,0,0
,SCARLET RED,,,0,,,REYNOBOND,2024_03_02,ALBERTA,0,0,0
,SHAMROCK GREEN,,,0,,,REYNOBOND,2024_03_02,ALBERTA,0,0,0
,EASTMAN WHITE,,,0,,,REYNOBOND,2024_03_02,ALBERTA,0,0,0
,OYSTER,,,0,,,REYNOBOND,2024_03_02,ALBERTA,0,0,0
,CHAMPAGNE SILVER,,,0,,,REYNOBOND,2024_03_02,ALBERTA,0,0,0
,SUNSHINE GRAY,,,0,,,REYNOBOND,2024_03_02,ALBERTA,0,0,0
,EASTMAN BLUE,,,0,,,REYNOBOND,2024_03_02,ALBERTA,0,0,0
,BONE WHITE,,,0,,,REYNOBOND,2024_03_02,ALBERTA,0,0,0
,BRITE RED,,,0,,,REYNOBOND,2024_03_02,ALBERTA,0,0,0
,CADET GRAY,,,0,,,REYNOBOND,2024_03_02,ALBERTA,0,0,0
,CASTLE GRAY,,,0,,,REYNOBOND,2024_03_02,ALBERTA,0,0,0
,PUEBLO TAN,,,0,,,REYNOBOND,2024_03_02,ALBERTA,0,0,0
,DEEP BLACK,,,0,,,REYNOBOND,2024_03_02,ALBERTA,0,0,0
,FRISCO WHITE,,,0,,,REYNOBOND,2024_03_02,ALBERTA,0,0,0
,KONIG BLUE,,,0,,,REYNOBOND,2024_03_02,ALBERTA,0,0,0
,OYSTER WHITE,,,0,,,REYNOBOND,2024_03_02,ALBERTA,0,0,0
,CLASSIC BRONZE,,,0,,,REYNOBOND,2024_03_02,ALBERTA,0,0,0
,LIMESTONE,,,0,,,REYNOBOND,2024_03_02,ALBERTA,0,0,0
,SANDSTONE,,,0,,,REYNOBOND,2024_03_02,ALBERTA,0,0,0
,PURE WHITE,,,0,,,REYNOBOND,2024_03_02,ALBERTA,0,0,0
,CHARCOAL,,,0,,,REYNOBOND,2024_03_02,ALBERTA,0,0,0
,SLATE GRAY,,,0,,,REYNOBOND,2024_03_02,ALBERTA,0,0,0
,PEWTER,,,0,,,REYNOBOND,2024_03_02,ALBERTA,0,0,0
,PLATINUM,,,0,,,REYNOBOND,2024_03_02,ALBERTA,0,0,0
,SILVERSMITH,,,0,,,REYNOBOND,2024_03_02,ALBERTA,0,0,0
,VANCOUVER COPPER,,,0,,,REYNOBOND,2024_03_02,ALBERTA,0,0,0
,MEDIUM BRONZE,,,0,,,REYNOBOND,2024_03_02,ALBERTA,0,0,0
,CHAMPAGNE MICA,,,0,,,REYNOBOND,2024_03_02,ALBERTA,0,0,0
,DRIFTWOOD MICA,,,0,,,REYNOBOND,2024_03_02,ALBERTA,0,0,0
,DAYBREAK MICA,,,0,,,REYNOBOND,2024_03_02,ALBERTA,0,0,0
,ANODIC BRONZE,,,0,,,REYNOBOND,2024_03_02,ALBERTA,0,0,0
,ADNODIC SATIN,,,0,,,REYNOBOND,2024_03_02,ALBERTA,0,0,0
,ANODIC CLEAR,,,0,,,REYNOBOND,2024_03_02,ALBERTA,0,0,0
,MEDIUM GRAY MICA,,,0,,,REYNOBOND,2024_03_02,ALBERTA,0,0,0
,NIGHTFALL METALLIC,,,0,,,REYNOBOND,2024_03_02,ALBERTA,0,0,0
,CHAMPAGNE METALLIC,,,0,,,REYNOBOND,2024_03_02,ALBERTA,0,0,0
,BRIGHT SILVER METALLIC,,,0,,,REYNOBOND,2024_03_02,ALBERTA,0,0,0
,COPPER PENNY,,,0,,,REYNOBOND,2024_03_02,ALBERTA,0,0,0
,TITANIUM,,,0,,,REYNOBOND,2024_03_02,ALBERTA,0,0,0
,COLONIAL RED,,,0,,,REYNOBOND,2024_03_02,ALBERTA,0,0,0
,EMBALA BROWN,,,0,,,REYNOBOND,2024_03_02,ALBERTA,0,0,0
,ITALIAN WALNUT,,,0,,,REYNOBOND,2024_03_02,ALBERTA,0,0,0
,MAHOGANY BROWN,,,0,,,REYNOBOND,2024_03_02,ALBERTA,0,0,0
,SCOTTISH OAK,,,0,,,REYNOBOND,2024_03_02,ALBERTA,0,0,0
,SUNNY PEAR,,,0,,,REYNOBOND,2024_03_02,ALBERTA,0,0,0
,ZEBRA,,,0,,,REYNOBOND,2024_03_02,ALBERTA,0,0,0
,FRENCH WALNUT,,,0,,,REYNOBOND,2024_03_02,ALBERTA,0,0,0
,TENDER OAK,,,0,,,REYNOBOND,2024_03_02,ALBERTA,0,0,0
,ASHWOOD GRAY,,,0,,,REYNOBOND,2024_03_02,ALBERTA,0,0,0
,ACIERO CORTEN,,,0,,,REYNOBOND,2024_03_02,ALBERTA,0,0,0
,APOLLO STONE,,,0,,,REYNOBOND,2024_03_02,ALBERTA,0,0,0
,RUSTED METAL,,,0,,,REYNOBOND,2024_03_02,ALBERTA,0,0,0
,TERRA DI SIENNA II (2),,,0,,,REYNOBOND,2024_03_02,ALBERTA,0,0,0
,TERRA COTTA MINERAL II (2),,,0,,,REYNOBOND,2024_03_02,ALBERTA,0,0,0
,STATELY CONCRETE,,,0,,,REYNOBOND,2024_03_02,ALBERTA,0,0,0
,INDUSTRIAL CONCRETE,,,0,,,REYNOBOND,2024_03_02,ALBERTA,0,0,0
,GRAPHITE,,,0,,,REYNOBOND,2024_03_02,ALBERTA,0,0,0
,FROZEN SILVER,,,0,,,REYNOBOND,2024_03_02,ALBERTA,0,0,0
,COPPER PATINA,,,0,,,REYNOBOND,2024_03_02,ALBERTA,0,0,0
,RUST PATINA,,,0,,,REYNOBOND,2024_03_02,ALBERTA,0,0,0
,ZINC PATINA,,,0,,,REYNOBOND,2024_03_02,ALBERTA,0,0,0
,ZINC CHARCOAL,,,0,,,REYNOBOND,2024_03_02,ALBERTA,0,0,0
,BILLIANT RED,,,0,,,REYNOBOND,2024_03_02,ALBERTA,0,0,0
,ELEGANT BLACK,,,0,,,REYNOBOND,2024_03_02,ALBERTA,0,0,0
,KNOCKOUT ORANGE,,,0,,,REYNOBOND,2024_03_02,ALBERTA,0,0,0
,MIDNIGHT BLUE,,,0,,,REYNOBOND,2024_03_02,ALBERTA,0,0,0
,ORANGE ORANGE,,,0,,,REYNOBOND,2024_03_02,ALBERTA,0,0,0
,STORMY GRAY,,,0,,,REYNOBOND,2024_03_02,ALBERTA,0,0,0
,WINTER WHITE,,,0,,,REYNOBOND,2024_03_02,ALBERTA,0,0,0
,NATURAL LONG BRUSHED ALUMINUM,,,0,,,REYNOBOND,2024_03_02,ALBERTA,0,0,0
,NATURAL BRUSHED ALUMINUM GRAY,,,0,,,REYNOBOND,2024_03_02,ALBERTA,0,0,0
,BRITE MIRROR,,,0,,,REYNOBOND,2024_03_02,ALBERTA,0,0,0
,CHAMPAGNE,,,0,,,REYNOBOND,2024_03_02,ALBERTA,0,0,0
,LIGHT BRONZE,,,0,,,REYNOBOND,2024_03_02,ALBERTA,0,0,0
,MEDIUM BRONZE,,,0,,,REYNOBOND,2024_03_02,ALBERTA,0,0,0
,DARK BRONZE,,,0,,,REYNOBOND,2024_03_02,ALBERTA,0,0,0
,ELECTROLYTC BLACK,,,0,,,REYNOBOND,2024_03_02,ALBERTA,0,0,0
,LIGHT GOLD,,,0,,,REYNOBOND,2024_03_02,ALBERTA,0,0,0
,MEDIUM GOLD,,,0,,,REYNOBOND,2024_03_02,ALBERTA,0,0,0
,DARK GOLD,,,0,,,REYNOBOND,2024_03_02,ALBERTA,0,0,0
,CLEAR ANODIZED,,,0,,,REYNOBOND,2024_03_02,ALBERTA,0,0,0
CUSTOM,RAINFOREST FOLIAGE,FR,4975 x 1575,16,full sheets,bad top sheet - rest good,ALFREX,2024_03_02,ALBERTA,0,0,0
JY-2510,ANODIC CLEAR MICA,FR,4975 x 1575,2,full sheets,fair w/ scratches,ALFREX,2024_03_02,ALBERTA,0,0,0
JY-3510,BRIGHT SILVER METALLIC,FR,4975 x 1575,1,full sheets,fair w/ scratches,ALFREX,2024_03_02,ALBERTA,0,0,0
JY-3510,BRIGHT SILVER METALLIC,FR,2530 x 1575,1,offcuts,fair w/ scratches,ALFREX,2024_03_02,ALBERTA,0,0,0
JY-5110,ASCOT WHITE,FR,4975 x 1575,1,full sheets,fair w/ scratches,ALFREX,2024_03_02,ALBERTA,0,0,0
JY-2540,PEWTER MICA,FR,4975 x 1575,5,full sheets,good,ALFREX,2024_03_02,ALBERTA,0,0,0
JY-2540,PEWTER MICA,FR,1390 x 1575,1,offcuts,good,ALFREX,2024_03_02,ALBERTA,0,0,0
JY-2540,PEWTER MICA,FR,3595 x 730,1,offcuts,good,ALFREX,2024_03_02,ALBERTA,0,0,0
JY-2540,PEWTER MICA,FR,1335 x 1575,1,offcuts,good,ALFREX,2024_03_02,ALBERTA,0,0,0
JY-5110,ASCOT WHITE,FR,4975 x 1575,4,full sheets,good,ALFREX,2024_03_02,ALBERTA,0,0,0
JY-5195,CLASSIC WHITE,FR,2380 x 1575,1,offcut on top,good,ALFREX,2024_03_02,ALBERTA,0,0,0
JY-5195,CLASSIC WHITE,FR,4975 x 1575,4,full sheets,good,ALFREX,2024_03_02,ALBERTA,0,0,0
JY-6140,DARK GRAY,FR,3530 x 1575,1,offcuts,good,ALFREX,2024_03_02,ALBERTA,0,0,0
JY-6140,DARK GRAY,FR,4975 x 1575,20,full sheets,good,ALFREX,2024_03_02,ALBERTA,0,0,0
JY-6150,CHARCOAL,FR,4975 x 1270,10,full sheets,good,ALFREX,2024_03_02,ALBERTA,0,0,0
JY-6160,CASTLE GRAY,FR,4975 x 1575,4,top 4 sheets,good,ALFREX,2024_03_02,ALBERTA,0,0,0
JY-6175,SEA WOLF,FR,4975 x 1575,20,full sheets,good,ALFREX,2024_03_02,ALBERTA,0,0,0
JY-6175,SEA WOLF,FR,3080 x 1575,1,top offcuts,good,ALFREX,2024_03_02,ALBERTA,0,0,0
JY-6220,BLACK,FR,4975 x 1575,6,full sheets,good,ALFREX,2024_03_02,ALBERTA,0,0,0
JY-6220,BLACK,FR,3660 x 1575,1,offcuts,good,ALFREX,2024_03_02,ALBERTA,0,0,0
JY-6220,BLACK,FR,1150 x 1575,6,offcuts,good,ALFREX,2024_03_02,ALBERTA,0,0,0
JY-7110,SIGNAL BLUE,FR,4975 x 1575,6,full sheets,good,ALFREX,2024_03_02,ALBERTA,0,0,0
JY-A160,MIRROR,FR,2180 x 1250,2,offcuts,good,ALFREX,2024_03_02,ALBERTA,0,0,0
JY-A160,MIRROR,FR,4975 x 1250,1,full sheets,good,ALFREX,2024_03_02,ALBERTA,0,0,0
JY-A160,MIRROR,FR,4975 x 1575,11,full sheets,good,ALFREX,2024_03_02,ALBERTA,0,0,0
JY-W120,TEAK,FR,4975 x 1575,5,full sheets,good,ALFREX,2024_03_02,ALBERTA,0,0,0
JY-W120,TEAK,FR,4975 x 1575,2,full sheets,good,ALFREX,2024_03_02,ALBERTA,0,0,0
JY-W120,TEAK,FR,2250 x 1575,1,offcuts,good,ALFREX,2024_03_02,ALBERTA,0,0,0
CUSTOM,COW WHITE,FR,3190 x 1575,5,full sheets,good,ALFREX,2024_03_02,ALBERTA,0,0,0
JY-1220,PURE SILVER,,,0,,,ALFREX,2024_03_02,ALBERTA,0,0,0
JY-2515,SILVERSMITH,,,0,,,ALFREX,2024_03_02,ALBERTA,0,0,0
JY-2520,EXOTIC SILVER MICA,,,0,,,ALFREX,2024_03_02,ALBERTA,0,0,0
JY-2530,GRAY SILVER MICA,,,0,,,ALFREX,2024_03_02,ALBERTA,0,0,0
JY-2535 MZG,GRAY MICA,,,0,,,ALFREX,2024_03_02,ALBERTA,0,0,0
JY-2550,CHAMPAGNE MICA,,,0,,,ALFREX,2024_03_02,ALBERTA,0,0,0
JY-2555,DRIFTWOOD MICA,,,0,,,ALFREX,2024_03_02,ALBERTA,0,0,0
JY-2560,MEDIUM BRONZE MICA,,,0,,,ALFREX,2024_03_02,ALBERTA,0,0,0
JY-2570,COPPER PENNY MICA,,,0,,,ALFREX,2024_03_02,ALBERTA,0,0,0
JY-3520,CHAMPAGNE METALLIC,,,0,,,ALFREX,2024_03_02,ALBERTA,0,0,0
JY-3530,GRAPHITE METALLIC,,,0,,,ALFREX,2024_03_02,ALBERTA,0,0,0
JY-3540 PEX,PEWTER METALLIC,,,0,,,ALFREX,2024_03_02,ALBERTA,0,0,0
JY-3550 JLR,GRAY METALLIC,,,0,,,ALFREX,2024_03_02,ALBERTA,0,0,0
JY-5125,OYSTER,,,0,,,ALFREX,2024_03_02,ALBERTA,0,0,0
JY-5165,BONE WHITE,,,0,,,ALFREX,2024_03_02,ALBERTA,0,0,0
JY-6120,DOVE GRAY,,,0,,,ALFREX,2024_03_02,ALBERTA,0,0,0
JY-6130,FASHION GRAY,,,0,,,ALFREX,2024_03_02,ALBERTA,0,0,0
JY-6145,SLATE GRAY,,,0,,,ALFREX,2024_03_02,ALBERTA,0,0,0
JY-6180,BRONZE,,,0,,,ALFREX,2024_03_02,ALBERTA,0,0,0
JY-6190,MONUMENT,,,0,,,ALFREX,2024_03_02,ALBERTA,0,0,0
JY-6230,MIDNIGHT BLACK,,,0,,,ALFREX,2024_03_02,ALBERTA,0,0,0
JY-7115,HARMONY BLUE,,,0,,,ALFREX,2024_03_02,ALBERTA,0,0,0
JY-7120,VIBRANT RED,,,0,,,ALFREX,2024_03_02,ALBERTA,0,0,0
JY-7140,PATRIOT RED,,,0,,,ALFREX,2024_03_02,ALBERTA,0,0,0
JY-A120,CLEAR ANODIZED,,,0,,,ALFREX,2024_03_02,ALBERTA,0,0,0
JY-A130,CHAMPAGNE,,,0,,,ALFREX,2024_03_02,ALBERTA,0,0,0
JY-A140,LIGHT BRONZE,,,0,,,ALFREX,2024_03_02,ALBERTA,0,0,0
JY-A150,MEDIUM BRONZE,,,0,,,ALFREX,2024_03_02,ALBERTA,0,0,0
JY-A155,DARK BRONZE,,,0,,,ALFREX,2024_03_02,ALBERTA,0,0,0
JY-A170,ELECTROLYTIC BLACK,,,0,,,ALFREX,2024_03_02,ALBERTA,0,0,0
JY-A180,LIGHT GOLD,,,0,,,ALFREX,2024_03_02,ALBERTA,0,0,0
JY-A190,MEDIUM GOLD,,,0,,,ALFREX,2024_03_02,ALBERTA,0,0,0
JY-A200,DARK GOLD,,,0,,,ALFREX,2024_03_02,ALBERTA,0,0,0
JY-H100,HARLINE CLEAR,,,0,,,ALFREX,2024_03_02,ALBERTA,0,0,0
JY-M110,FAUX ZINC GRAPHITE,,,0,,,ALFREX,2024_03_02,ALBERTA,0,0,0
JY-M120,FAUX ZINC,,,0,,,ALFREX,2024_03_02,ALBERTA,0,0,0
JY-M130,FAUX ZINC LITE,,,0,,,ALFREX,2024_03_02,ALBERTA,0,0,0
JY-M140,TILE CORTEN,,,0,,,ALFREX,2024_03_02,ALBERTA,0,0,0
JY-W140,GOLDEN OAK,,,0,,,ALFREX,2024_03_02,ALBERTA,0,0,0
JY-W150,DARK WALNUT,,,0,,,ALFREX,2024_03_02,ALBERTA,0,0,0
JY-Z100,GRAPHITE GREY,,,0,,,ALFREX,2024_03_02,ALBERTA,0,0,0
JY-Z110,BLUE GREY,,,0,,,ALFREX,2024_03_02,ALBERTA,0,0,0
DM 1102,YELLOW WHITE,FR,4975 x 1575,3,full sheets,good,ALCOTEX,2024_03_02,ALBERTA,0,0,0
DM 1102,YELLOW WHITE,FR,3145 x 1575,1,offcut,good,ALCOTEX,2024_03_02,ALBERTA,0,0,0
DM 0500,WALNUT,,,0,,,ALCOTEX,2024_03_02,ALBERTA,0,0,0
DM 0501,MAHOGANY,,,0,,,ALCOTEX,2024_03_02,ALBERTA,0,0,0
DM 1101,PURE WHITE,,,0,,,ALCOTEX,2024_03_02,ALBERTA,0,0,0
DM 1102,YELLOW WHITE,,,0,,,ALCOTEX,2024_03_02,ALBERTA,0,0,0
DM 1103,BLUE WHITE,,,0,,,ALCOTEX,2024_03_02,ALBERTA,0,0,0
DM 1104,IVORY,,,0,,,ALCOTEX,2024_03_02,ALBERTA,0,0,0
DM 1105,LIGHT GREY,,,0,,,ALCOTEX,2024_03_02,ALBERTA,0,0,0
DM 1106,SILVER GREY,,,0,,,ALCOTEX,2024_03_02,ALBERTA,0,0,0
DM 1107,MOUSE GREY,,,0,,,ALCOTEX,2024_03_02,ALBERTA,0,0,0
DM 1108,DARK GREY,,,0,,,ALCOTEX,2024_03_02,ALBERTA,0,0,0
DM 1109,RUBY RED,,,0,,,ALCOTEX,2024_03_02,ALBERTA,0,0,0
DM 1110,PURE ORANGE,,,0,,,ALCOTEX,2024_03_02,ALBERTA,0,0,0
DM 1111,SIGNAL BLUE,,,0,,,ALCOTEX,2024_03_02,ALBERTA,0,0,0
DM 1112,EMERALD GREEN,,,0,,,ALCOTEX,2024_03_02,ALBERTA,0,0,0
DM 1113,PINE GREEN,,,0,,,ALCOTEX,2024_03_02,ALBERTA,0,0,0
DM 1114,TRAFFIC RED,,,0,,,ALCOTEX,2024_03_02,ALBERTA,0,0,0
DM 1116,CREAM WHITE,,,0,,,ALCOTEX,2024_03_02,ALBERTA,0,0,0
DM 1117,ASCOT WHITE,,,0,,,ALCOTEX,2024_03_02,ALBERTA,0,0,0
DM 1118,HORIGON BLUE,,,0,,,ALCOTEX,2024_03_02,ALBERTA,0,0,0
DM 1119,RAW GREY,,,0,,,ALCOTEX,2024_03_02,ALBERTA,0,0,0
DM 1120,BLACK,,,0,,,ALCOTEX,2024_03_02,ALBERTA,0,0,0
DM 1121,LIME YELLOW,,,0,,,ALCOTEX,2024_03_02,ALBERTA,0,0,0
DM 1122,CHARCOAL,,,0,,,ALCOTEX,2024_03_02,ALBERTA,0,0,0
DM 1201,SILVER,,,0,,,ALCOTEX,2024_03_02,ALBERTA,0,0,0
DM 1202,BRIGHT SILVER,,,0,,,ALCOTEX,2024_03_02,ALBERTA,0,0,0
DM 1203,CHAMPAGNE,,,0,,,ALCOTEX,2024_03_02,ALBERTA,0,0,0
DM 1204,GOLD,,,0,,,ALCOTEX,2024_03_02,ALBERTA,0,0,0
DM 1205,WINE RED,,,0,,,ALCOTEX,2024_03_02,ALBERTA,0,0,0
DM 1206,JADE,,,0,,,ALCOTEX,2024_03_02,ALBERTA,0,0,0
DM 1207,COPPER PENNY,,,0,,,ALCOTEX,2024_03_02,ALBERTA,0,0,0
DM 1208,DARK CHAMPAGNE,,,0,,,ALCOTEX,2024_03_02,ALBERTA,0,0,0
DM 1209,MEDIUM BRONZE,,,0,,,ALCOTEX,2024_03_02,ALBERTA,0,0,0
DM 1301,METALLIC BRIGHT SILVER,,,0,,,ALCOTEX,2024_03_02,ALBERTA,0,0,0
DM 1302,METALLIC CHAMPAGNE,,,0,,,ALCOTEX,2024_03_02,ALBERTA,0,0,0
DM 1303,METALLIC MEDIUM GREY,,,0,,,ALCOTEX,2024_03_02,ALBERTA,0,0,0
,,,,0,,,STACBOND,2024_03_02,ALBERTA,0,0,0
,,,,0,,,LARSON,2024_03_02,ALBERTA,0,0,0
,SMOKE SILVER,FR,4975 x 1575,9,full sheets,good,VITRABOND,2024_03_02,ALBERTA,0,0,0
,SMOKE SILVER ,FR,1150 x 1575,2,offcuts,good,VITRABOND,2024_03_02,ALBERTA,0,0,0
